Workbook

Sheet Experiments
A1: Website-Fingerprinting Experiment Tracker — Tor Circuit Padding Study
A2: SIMULATION PARAMETERS (input) | P2: DATA QUALITY (after pcap_to_npz) | Y2: DF RESULTS (after test.py)
A3: Experiment | B3: Network Scale | C3: Relays | D3: Directory Authorities | E3: Nodes Total | F3: Monitors (WF Clients) | G3: Pages (classes) | H3: Visits per page | I3: Visit Interval (s) | J3: Circuit Padding | K3: Tor version | L3: Seed | M3: ZIM file | N3: Sim stop_time (s) | O3: Wall-clock time | P3: Total samples | Q3: Samples per class | R3: Failed fetches | S3: Failed fetches % | T3: Skipped (too few packets) | U3: Mean packets per sample | V3: Train samples | W3: Valid samples | X3: Test samples | Y3: Accuracy | Z3: Precision | AA3: Recall | AB3: F1-score | AC3: Training epochs | AD3: Best epoch | AE3: Random baseline | AF3: Notes
A4: Exp8 | B4: 0.01 | C4: 79 | D4: 3 | E4: 82 | F4: 5 | G4: 5 | H4: 50 | I4: 30 | J4: ON | L4: 1 | M4: simple_en_maxi_2026-02 | N4: 3600 | O4: ~2.5h | P4: 250 | Q4: 50 | R4: 9 | S4: =IFERROR(R4/P4,"") -> 0.036 | T4: 0 | U4: 804 | V4: 202 | W4: 23 | X4: 25 | Y4: 0.32 | Z4: 0.456 | AA4: 0.32 | AB4: 0.268 | AC4: 30 | AD4: 29 | AE4: =IFERROR(1/G4,"") -> 0.2 | AF4: First end-to-end pipeline run; insufficient data.
A5: exp-baseline | B5: 0.01 | C5: 79 | D5: 3 | E5: 298 | F5: 5 | G5: 5 | H5: 100 | I5: 30 | J5: OFF | L5: 1 | M5: simple_en_maxi_2026-02 | O5: 0.1375 | P5: 500 | Q5: 100 | R5: 22 | S5: 0.044 | U5: 787 | V5: 405 | W5: 45 | X5: 50 | Y5: 0.92 | Z5: 0.936 | AA5: 0.92 | AB5: 0.921 | AC5: 30 | AE5: 0.2
A6: exp-baseline-20 | B6: 0.01 | C6: 79 | D6: 3 | E6: 303 | F6: 10 | G6: 20 | H6: 150 | I6: 30 | J6: OFF | L6: 1 | M6: simple_en_maxi_2026-02 | O6: 0.33125 | P6: 3000 | Q6: 150 | R6: 51 | S6: 0.017 | U6: 635 | V6: 2430 | W6: 270 | X6: 300 | Y6: 0.927 | Z6: 0.933 | AA6: 0.927 | AB6: 0.927 | AC6: 30 | AE6: 0.05
A7: exp-padding-20 | B7: 0.01 | C7: 79 | D7: 3 | E7: 303 | F7: 10 | G7: 20 | H7: 150 | I7: 30 | J7: ON | L7: 1 | M7: simple_en_maxi_2026-02 | O7: 0.34444444 | P7: 3000 | Q7: 150 | R7: 46 | S7: 0.015 | U7: 638 | V7: 2430 | W7: 270 | X7: 300 | Y7: 0.833 | Z7: 0.842 | AA7: 0.833 | AB7: 0.828 | AC7: 30 | AE7: 0.05
A8: exp-reduced-20 | B8: 0.01 | C8: 79 | D8: 3 | E8: 303 | F8: 10 | G8: 20 | H8: 150 | I8: 30 | J8: REDUCED | L8: 1 | M8: simple_en_maxi_2026-02 | O8: 0.34583333 | P8: 3000 | Q8: 150 | R8: 58 | S8: 0.019 | U8: 611 | V8: 2430 | W8: 270 | X8: 300 | Y8: 0.867 | Z8: 0.881 | AA8: 0.867 | AB8: 0.863 | AC8: 30 | AE8: 0.05
S9: =IFERROR(R9/P9,"") | AE9: =IFERROR(1/G9,"")
S10: =IFERROR(R10/P10,"") | AE10: =IFERROR(1/G10,"")
S11: =IFERROR(R11/P11,"") | AE11: =IFERROR(1/G11,"")
S12: =IFERROR(R12/P12,"") | AE12: =IFERROR(1/G12,"")
S13: =IFERROR(R13/P13,"") | AE13: =IFERROR(1/G13,"")
S14: =IFERROR(R14/P14,"") | AE14: =IFERROR(1/G14,"")
S15: =IFERROR(R15/P15,"") | AE15: =IFERROR(1/G15,"")
S16: =IFERROR(R16/P16,"") | AE16: =IFERROR(1/G16,"")
S17: =IFERROR(R17/P17,"") | AE17: =IFERROR(1/G17,"")
S18: =IFERROR(R18/P18,"") | AE18: =IFERROR(1/G18,"")
S19: =IFERROR(R19/P19,"") | AE19: =IFERROR(1/G19,"")
S20: =IFERROR(R20/P20,"") | AE20: =IFERROR(1/G20,"")
E21: s | S21: =IFERROR(R21/P21,"") | AE21: =IFERROR(1/G21,"")
S22: =IFERROR(R22/P22,"") | AE22: =IFERROR(1/G22,"")

Sheet Thesis Comparison
A1: Key Result: Accuracy vs Circuit Padding
A3: Experiment | B3: Pages | C3: Visits | D3: Padding | E3: Accuracy | F3: F1-score
A4: Exp8 | B4: =IFERROR(INDEX(Experiments!$G$4:$G$22,MATCH($A4,Experiments!$A$4:$A$22,0)),"") -> 5 | C4: =IFERROR(INDEX(Experiments!$H$4:$H$22,MATCH($A4,Experiments!$A$4:$A$22,0)),"") -> 50 | D4: =IFERROR(INDEX(Experiments!$J$4:$J$22,MATCH($A4,Experiments!$A$4:$A$22,0)),"") -> ON | E4: =IFERROR(INDEX(Experiments!$Y$4:$Y$22,MATCH($A4,Experiments!$A$4:$A$22,0)),"") -> 0.32 | F4: =IFERROR(INDEX(Experiments!$AB$4:$AB$22,MATCH($A4,Experiments!$A$4:$A$22,0)),"") -> 0.268 | G4: First pilot run
A5: exp-baseline | B5: =IFERROR(INDEX(Experiments!$G$4:$G$22,MATCH($A5,Experiments!$A$4:$A$22,0)),"") -> 5 | C5: =IFERROR(INDEX(Experiments!$H$4:$H$22,MATCH($A5,Experiments!$A$4:$A$22,0)),"") -> 100 | D5: =IFERROR(INDEX(Experiments!$J$4:$J$22,MATCH($A5,Experiments!$A$4:$A$22,0)),"") -> OFF | E5: =IFERROR(INDEX(Experiments!$Y$4:$Y$22,MATCH($A5,Experiments!$A$4:$A$22,0)),"") -> 0.92 | F5: =IFERROR(INDEX(Experiments!$AB$4:$AB$22,MATCH($A5,Experiments!$A$4:$A$22,0)),"") -> 0.921 | G5: Padding OFF — target ~92%
A6: exp-padding | B6: =IFERROR(INDEX(Experiments!$G$4:$G$22,MATCH($A6,Experiments!$A$4:$A$22,0)),"") | C6: =IFERROR(INDEX(Experiments!$H$4:$H$22,MATCH($A6,Experiments!$A$4:$A$22,0)),"") | D6: =IFERROR(INDEX(Experiments!$J$4:$J$22,MATCH($A6,Experiments!$A$4:$A$22,0)),"") | E6: =IFERROR(INDEX(Experiments!$Y$4:$Y$22,MATCH($A6,Experiments!$A$4:$A$22,0)),"") | F6: =IFERROR(INDEX(Experiments!$AB$4:$AB$22,MATCH($A6,Experiments!$A$4:$A$22,0)),"") | G6: Padding ON (default)
A7: exp-reduced | B7: =IFERROR(INDEX(Experiments!$G$4:$G$22,MATCH($A7,Experiments!$A$4:$A$22,0)),"") | C7: =IFERROR(INDEX(Experiments!$H$4:$H$22,MATCH($A7,Experiments!$A$4:$A$22,0)),"") | D7: =IFERROR(INDEX(Experiments!$J$4:$J$22,MATCH($A7,Experiments!$A$4:$A$22,0)),"") | E7: =IFERROR(INDEX(Experiments!$Y$4:$Y$22,MATCH($A7,Experiments!$A$4:$A$22,0)),"") | F7: =IFERROR(INDEX(Experiments!$AB$4:$AB$22,MATCH($A7,Experiments!$A$4:$A$22,0)),"") | G7: Padding Reduced
A10: How this works
A11: • Type an experiment name in column A that matches a row in the Experiments sheet.
A12: • Pages, Visits, Padding, Accuracy, and F1 auto-fill via INDEX/MATCH.
A13: • The drop between baseline (padding OFF) and padding ON is the core thesis finding.
A14: • Add more rows as you run more experiments; copy the formulas down.

Sheet Field Reference
A1: Field Reference
A3: Section | B3: Field | C3: Why track it / Notes
A4: Simulation Parameters | B4: Experiment | C4: Reference name
A5: Simulation Parameters | B5: Network Scale | C5: tornettools scale (e.g. 0.01 = 1 %)
A6: Simulation Parameters | B6: Relays | C6: Number of Tor relays
A7: Simulation Parameters | B7: Directory Authorities | C7: Fixed by tornettools (usually 3)
A8: Simulation Parameters | B8: Nodes Total | C8: All simulated nodes
A9: Simulation Parameters | B9: Monitors (WF Clients) | C9: Parallel data-collection clients
A10: Simulation Parameters | B10: Pages (classes) | C10: Number of monitored URLs = # classes
A11: Simulation Parameters | B11: Visits per page | C11: Samples per class
A12: Simulation Parameters | B12: Visit Interval (s) | C12: Seconds between consecutive visits
A13: Simulation Parameters | B13: Circuit Padding | C13: OFF / ON (default) / Reduced
A14: Simulation Parameters | B14: Tor version | C14: Reproducibility
... A35: DF Results | B35: Notes | C35: Anything unusual

Sheet Robustness Checks
A1: Robustness Checks (future work / Ausblick)
A3: Check | B3: Setup | C3: Train on | D3: Test on | E3: Accuracy
A4: Cross-seed | B4: Different Shadow seeds | C4: Seed A | D4: Seed B
A5: Cross-time | B5: Chronological split | C5: Visits 1–25 | D5: Visits 26–50
A6: Cross-padding | B6: Padding generalisation | C6: Padding OFF | D6: Padding ON
A9: If accuracy holds across these splits, the classifier is learning page features rather than network artefacts.
